id,operacao_id,ano,mes,indicador,tipo,valor,indicador_id_original
51,2,2026,1,Segurança e BPDA,PONTOS,-20,
68,2,2026,2,Segurança e BPDA,PONTOS,-20,
87,2,2026,3,Segurança e BPDA,PONTOS,-20,
108,2,2026,4,Segurança e BPDA,PONTOS,-10,
120,2,2026,5,Segurança e BPDA,PONTOS,-20,
133,2,2026,6,Segurança e BPDA,PONTOS,-10,
160,2,2026,7,Segurança e BPDA,PONTOS,-10,
2911,2,2026,8,Acuracidade inventário,PONTOS,-10,
3129,2,2026,8,Avarias Unidades,UNIDADES,1947,
3060,2,2026,8,Avarias Valor,MOEDA,33746.6,
2984,2,2026,8,Expedição,PONTOS,-10,
2992,2,2026,8,Ocorrências Fora do Prazo,PONTOS,0,
3207,2,2026,8,Recebimento,PONTOS,0,
2976,2,2026,8,Segurança e BPDA,PONTOS,0,
3199,2,2026,8,Separação,PONTOS,0,
7503,2,2026,9,Acuracidade inventário,PONTOS,10,
